{"inputUnits":[34],"outputUnits":6,"inputs":{"0":{"dtype":"number","min":285.29179563764006,"max":372.5445830287524},"1":{"dtype":"number","min":62.78836583068727,"max":221.58894618817004},"2":{"dtype":"number","min":295.8223832931667,"max":376.68946859199866},"3":{"dtype":"number","min":62.39086723699438,"max":219.09924192967702},"4":{"dtype":"number","min":277.5613726045188,"max":359.27485294974105},"5":{"dtype":"number","min":62.13991206059447,"max":217.9966905381944},"6":{"dtype":"number","min":307.5588400322094,"max":398.3012491267094},"7":{"dtype":"number","min":63.49795127705059,"max":241.27873560141398},"8":{"dtype":"number","min":265.59018378601667,"max":335.3535928410164},"9":{"dtype":"number","min":64.87662153634412,"max":221.17202074671815},"10":{"dtype":"number","min":304.5942310236583,"max":406.3759447956643},"11":{"dtype":"number","min":114.10664459882886,"max":256.57270316259667},"12":{"dtype":"number","min":261.020693565205,"max":337.8738397371467},"13":{"dtype":"number","min":68.25383890906735,"max":259.8153561225876},"14":{"dtype":"number","min":291.71248586554276,"max":423.4798766019051},"15":{"dtype":"number","min":73.87549922712597,"max":341.45694978055894},"16":{"dtype":"number","min":213.43879089950352,"max":354.6718807108918},"17":{"dtype":"number","min":73.49846317521778,"max":345.3070324159737},"18":{"dtype":"number","min":267.2389682226943,"max":412.95771251180247},"19":{"dtype":"number","min":29.62270874261391,"max":414.1847309313322},"20":{"dtype":"number","min":172.8742276018823,"max":396.1276929234436},"21":{"dtype":"number","min":28.533685695358187,"max":428.1347245779651},"22":{"dtype":"number","min":260.3424473812705,"max":403.8134480080409},"23":{"dtype":"number","min":197.43628979658752,"max":406.6128873174418},"24":{"dtype":"number","min":258.5078240556326,"max":331.3307508204648},"25":{"dtype":"number","min":188.78262227971186,"max":392.00207388656645},"26":{"dtype":"number","min":234.30355912295929,"max":400.5497673287494},"27":{"dtype":"number","min":296.2659580758673,"max":415.3193599113479},"28":{"dtype":"number","min":207.56830702515836,"max":365.2157693903813},"29":{"dtype":"number","min":280.38070760507566,"max":392.21494797377557},"30":{"dtype":"number","min":198.51399747019389,"max":421.22477882786796},"31":{"dtype":"number","min":328.8453243025097,"max":473.7645377889711},"32":{"dtype":"number","min":197.15097051847283,"max":405.72696142958847},"33":{"dtype":"number","min":319.03014149582174,"max":449.11445245872926}},"outputs":{"0":{"dtype":"string","min":0,"max":1,"uniqueValues":["a","b","c","d","e","f"],"legend":{"a":[1,0,0,0,0,0],"b":[0,1,0,0,0,0],"c":[0,0,1,0,0,0],"d":[0,0,0,1,0,0],"e":[0,0,0,0,1,0],"f":[0,0,0,0,0,1]}}},"isNormalized":true}