{"inputUnits":[34],"outputUnits":2,"inputs":{"0":{"dtype":"number","min":312.3180628845334,"max":339.49554212841605},"1":{"dtype":"number","min":156.36420415391234,"max":171.86650980750485},"2":{"dtype":"number","min":324.25324348910743,"max":348.3221411751492},"3":{"dtype":"number","min":147.87535371836165,"max":163.7271716023049},"4":{"dtype":"number","min":306.6317570558068,"max":329.5276592767726},"5":{"dtype":"number","min":146.65887486864946,"max":159.49714590931495},"6":{"dtype":"number","min":338.5372577540823,"max":363.99343538934954},"7":{"dtype":"number","min":150.221170942221,"max":169.86335858499328},"8":{"dtype":"number","min":292.96075653611564,"max":311.85621473524304},"9":{"dtype":"number","min":146.1069617912783,"max":165.06750690542},"10":{"dtype":"number","min":362.6057106895521,"max":381.5058550918311},"11":{"dtype":"number","min":187.96565303096065,"max":226.81924920333057},"12":{"dtype":"number","min":276.140437432897,"max":291.9274259868421},"13":{"dtype":"number","min":190.78662061784235,"max":207.03187105948462},"14":{"dtype":"number","min":406.70741685417426,"max":422.646596213298},"15":{"dtype":"number","min":164.7224149648209,"max":274.52994750024743},"16":{"dtype":"number","min":211.5328128807261,"max":222.51321803756625},"17":{"dtype":"number","min":174.20173868101242,"max":187.39892435352704},"18":{"dtype":"number","min":365.6087661951373,"max":414.38672160544587},"19":{"dtype":"number","min":142.54029985989277,"max":333.9497800830744},"20":{"dtype":"number","min":270.68973057916054,"max":297.22856845074926},"21":{"dtype":"number","min":131.96996915642512,"max":152.44988692434208},"22":{"dtype":"number","min":340.51413761012503,"max":368.95054926881545},"23":{"dtype":"number","min":320.4912880940279,"max":329.8536714847557},"24":{"dtype":"number","min":288.64866855316455,"max":316.5633518746954},"25":{"dtype":"number","min":321.5203594185455,"max":335.00247620699696},"26":{"dtype":"number","min":365.14610840795564,"max":417.3929957339638},"27":{"dtype":"number","min":326.36427970425194,"max":355.5335460164626},"28":{"dtype":"number","min":224.17863098501462,"max":253.1769619768823},"29":{"dtype":"number","min":329.3813991732532,"max":336.6697621484946},"30":{"dtype":"number","min":352.2712734289336,"max":390.2939354374162},"31":{"dtype":"number","min":372.80309011596916,"max":395.6574783176474},"32":{"dtype":"number","min":308.6626156217638,"max":336.7348309195297},"33":{"dtype":"number","min":364.83269823457294,"max":382.48596548336985}},"outputs":{"0":{"dtype":"string","min":0,"max":1,"uniqueValues":["a","b"],"legend":{"a":[1,0],"b":[0,1]}}},"isNormalized":true}